{
    "Admin": {
        "name": "WebPress-Admin",
        "psw": "$2y$15$dhiI6lmvpTgCJHMDUgns.OLZZVFRObgyuRfxHdhjX.4BbEh/yoKye",
        "username": "Admin",
        "email": "webpress-admin@webpress.com",
        "ip": "192.168.40.52",
        "type": "admin",
        "created": "01-12-2022+02:25:45pm",
        "timezone": "America/New_York",
        "ban": {
            "isBanned": false,
            "reason": "",
            "time": "",
            "orgtime": "",
            "duration": "",
            "bannedBy": ""
        },
        "about": "I built and started webpress",
        "id": "303d071d0fd0d733e606d280cd554b7a"
    },
    "System": {
        "name": "System",
        "psw": "$2y$04$qjpQRSXg27fGxLV6pPQpIuaiZS7mSac0zrR1jVp4KVu/nfrXDWPrK",
        "username": "System",
        "email": "system@webpress.com",
        "ip": "54.108.83.239",
        "type": "member",
        "created": "01-25-2023+06:37:00am",
        "timezone": "America/New_York",
        "ban": {
            "isBanned": false,
            "reason": "",
            "time": "",
            "orgtime": "",
            "duration": "",
            "bannedBy": ""
        },
        "about": "I am the fist user to be able to join WebPress for demo usage. I also do not reply because im a bot.",
        "id": "303d071d0fd0d733e606d280cd554b7a"
    },
    "LucyDale": {
        "name": "LucyDale",
        "psw": "$2y$10$947lIPDGpPDWkM1qfXkiGuZVyRSa6t/LUu1DfrR88IBqdiElklncO",
        "username": "LucyDale",
        "email": "LucyDale@webpress.com",
        "ip": "24.101.60.180",
        "type": "member",
        "created": "03-12-2023+02:46:28pm",
        "timezone": "America/New_York",
        "ban": {
            "isBanned": false,
            "reason": "",
            "time": "",
            "duration": "",
            "bannedBy": "",
            "orgtime": ""
        },
        "about": "",
        "id": "dcfcd07e645d245babe887e5e2daa016"
    }
}