{
    "2022": {
        "12": {
            "views": 4506,
            "unique": {
                "": "",
                "0": "Admin"
            }
        }
    },
    "2023": {
        "01": {
            "views": 7761,
            "unique": {
                "": "",
                "0": "Admin",
                "1": "test",
                "2": "System"
            }
        },
        "02": {
            "views": 3909,
            "unique": {
                "": "",
                "0": "Admin"
            }
        },
        "03": {
            "views": 2855,
            "unique": {
                "": "",
                "0": "Admin",
                "1": "System",
                "2": "LucyDale"
            }
        }
    }
}