{
    "name": {
        "en": "Oldies",
        "de": "Oldies",
        "it": "Vecchi",
        "fr": "Oldies",
        "zh": "老歌"
    },
    "active": "",
    "desc": {
        "en": "Go back in time where everything was monotonic and see grayscale.",
        "de": "Gehen Sie zurück in die Zeit, in der alles eintönig war, und sehen Sie sich Graustufen an.",
        "it": "Torna indietro nel tempo dove tutto era monotono e guarda la scala di grigi.",
        "fr": "Remontez dans le temps où tout était monotone et voyez les niveaux de gris.",
        "zh": "回到一切都單調的時代，看看灰度。"
    },
    "options": {
        "canDisabled": true,
        "usedLang": [
            "en-US",
            "de-DE",
            "it-IT",
            "fr-FR",
            "zh-CN"
        ]
    }
}