{
    "page": {
        "index": "index",
        "page-title": "Demo",
        "page-icon": {
            "16": "themes/default/images/16x16.png",
            "24": "themes/default/images/24x24.png",
            "32": "themes/default/images/32x32.png",
            "48": "themes/default/images/48x48.png",
            "64": "themes/default/images/64x64.png",
            "96": "themes/default/images/96x96.png",
            "128": "themes/default/images/128x128.png",
            "256": "themes/default/images/256x256.png",
            "512": "themes/default/images/512x512.png"
        },
        "errors": {
            "400": "Bad Request",
            "401": "Unauthorized",
            "403": "Forbidden",
            "404": "Page Not Found",
            "500": "Internation Server Error"
        },
        "description": {
            "en": "WebPress is a very well-built CMS software!",
            "de": "WebPress ist eine sehr gut aufgebaute CMS-Software!",
            "it": "WebPress è un software CMS molto ben costruito!",
            "fr": "WebPress est un logiciel CMS très bien construit !",
            "zh": "WebPress 是一款非常完善的 CMS 軟件！"
        },
        "author": "SurveyBuilderTeams",
        "refresh": 0,
        "keywords": "WebPress, CMS, Forum-Script",
        "robots": {
            "index": false,
            "follow": false
        },
        "rating": "null",
        "copyright": "&copy;SurveyBuilderTeams",
        "distribution": "Global",
        "revisted": "7 Days",
        "charset": "UTF-8",
        "themes": "default",
        "termsandservice": "#",
        "panel": {
            "bgcolor": "#FFFFFF",
            "color": "#000000",
            "console": 5
        },
        "captcha": {
            "active": false,
            "settings": [
                200,
                38,
                128,
                128,
                128,
                0,
                0,
                0
            ]
        },
        "dateFormat": "F d, Y h:ia",
        "defaultTimeZone": "America/New_York"
    },
    "security": "moderate",
    "forum": {
        "maxTopicDisplay": 5,
        "maxReplyDisplay": 5,
        "maxSummary": 30
    },
    "pluginDisplayAmount": 4,
    "themesDisplayAmount": 4,
    "uploads": {
        "maxSize": 500000,
        "extentions": [
            "png",
            "jpg",
            "gif",
            "mp4",
            "mov",
            "avi",
            "zip"
        ],
        "overrule": true
    },
    "jquery": {
        "jsurl": "assets/jquery/{version}/jquery.min.js",
        "version": "3.6.0"
    },
    "prism": {
        "cssurl": "assets/prism/{version}/css/prism.min.css",
        "jsurl": "assets/prism/{version}/js/prism.min.js",
        "version": "1.28.0"
    },
    "bootstrap": {
        "cssurl": "assets/bootstrap/{version}/css/bootstrap.min.css",
        "jsurl": "assets/bootstrap/{version}/js/bootstrap.bundle.min.js",
        "version": "5.3.0"
    },
    "fontawesome": {
        "cssurl": "assets/fontawesome/{version}/css/all.min.css",
        "jsurl": "assets/fontawesome/{version}/js/all.min.js",
        "version": "6.3.0"
    },
    "notify": {
        "jsurl": "assets/notify/{version}/js/notify.min.js",
        "version": "0.4.2"
    },
    "lang": "en-US",
    "editor": "bbcode",
    "allowedEmail": "@webpress.com",
    "iconRange": "0,1000",
    "debug": true
}