{
    "msg": {
        "subject": "Welcome to WebPress",
        "from": {
            "name": "Server",
            "email": "&lt;server@webpress.com&gt;"
        },
        "to": {
            "Server": "&lt;server@webpress.com&gt;",
            "Admin": "&lt;admin@webpress.com&gt;"
        },
        "text": "Welcome to <b>WebPress</b>, this is a fun and excited place to make your own CMS and forum-script!",
        "sentTime": "10-01-2022 12:40:15pm",
        "status": "old",
        "replys": []
    }
}